[
    {
        "name": "Booking of appointments for Schengen visas (Business, Visit, Tourism) & Airport Transit Visas",
        "url": "https://service2.diplo.de/rktermin/extern/appointment_showMonth.do?locationCode=kara&realmId=771&categoryId=1416"
    },
    {
        "name": "Booking of appointments for Schengen visas (Biometrics already taken for a Schengen visa application during the last 59 months)",
        "url": "https://service2.diplo.de/rktermin/extern/appointment_showMonth.do?locationCode=kara&realmId=771&categoryId=2770"
    },
    {
        "name": "Booking of appointments for visa for language classes, pathway and bachelor programs",
        "url": "https://service2.diplo.de/rktermin/extern/appointment_showMonth.do?locationCode=kara&realmId=967&categoryId=1988"
    },
    {
        "name": "Booking of appointments for visa for master and research programs",
        "url": "https://service2.diplo.de/rktermin/extern/appointment_showMonth.do?locationCode=kara&realmId=967&categoryId=2801"
    },
    {
        "name": "Booking of appointments for work visa",
        "url": "https://service2.diplo.de/rktermin/extern/appointment_showMonth.do?locationCode=kara&realmId=773&categoryId=1999"
    },
    {
        "name": "Booking of appointments for job seeker Chancenkarte/Opportunity Card",
        "url": "https://service2.diplo.de/rktermin/extern/appointment_showMonth.do?locationCode=kara&realmId=1116&categoryId=2339"
    },
    {
        "name": "Booking of appointments for family reunification and other long-term purposes (stays over 90 days) (vocational training, volunteer work)",
        "url": "https://service2.diplo.de/rktermin/extern/appointment_showMonth.do?locationCode=kara&realmId=772&categoryId=1417"
    }
]